TDSFU Daily run: Sun Oct 19 05:11:07 UTC 2025 TDSFU
TDSFU Daily run: Mon Oct 20 04:45:37 UTC 2025 TDSFU
TDSFU Daily run: Tue Oct 21 04:43:47 UTC 2025 TDSFU
TDSFU Daily run: Wed Oct 22 04:45:51 UTC 2025 TDSFU
TDSFU Daily run: Thu Oct 23 04:43:58 UTC 2025 TDSFU
TDSFU Daily run: Fri Oct 24 04:42:16 UTC 2025 TDSFU
TDSFU Daily run: Sat Oct 25 04:40:33 UTC 2025 TDSFU
TDSFU Daily run: Sun Oct 26 04:41:01 UTC 2025 TDSFU
TDSFU Daily run: Mon Oct 27 04:52:03 UTC 2025 TDSFU
TDSFU Daily run: Tue Oct 28 04:45:16 UTC 2025 TDSFU
TDSFU Daily run: Wed Oct 29 04:49:00 UTC 2025 TDSFU
TDSFU Daily run: Thu Oct 30 04:44:03 UTC 2025 TDSFU
TDSFU Daily run: Fri Oct 31 04:57:59 UTC 2025 TDSFU
TDSFU Daily run: Sat Nov  1 04:39:59 UTC 2025 TDSFU
TDSFU Daily run: Sun Nov  2 04:44:10 UTC 2025 TDSFU
TDSFU Daily run: Mon Nov  3 04:51:15 UTC 2025 TDSFU
TDSFU Daily run: Tue Nov  4 04:45:23 UTC 2025 TDSFU
